None,Slight,Moderate,Great,Extreme
83.33333333333334,16.666666666666664,0.0,0.0,0.0
