None,Slight,Moderate,Great,Extreme
81.57894736842105,18.421052631578945,0.0,0.0,0.0
