None,Slight,Moderate,Great,Extreme
76.03305785123968,23.69146005509642,0.27548209366391185,0.0,0.0
