subject,pred,ref
20,114.30471801757812,102.7037353515625
20,104.8709716796875,102.7037353515625
20,107.86221313476562,91.89281463623047
20,99.64985656738281,88.2891845703125
20,92.87499237060547,97.29827880859375
20,101.58271789550781,97.29827880859375
20,105.04398345947266,86.48736572265625
20,100.88681030273438,102.7037353515625
20,92.21391296386719,93.69463348388672
20,103.55364990234375,91.89281463623047
