subject,pred,ref
31,61.5324592590332,77.47826385498047
31,81.87310791015625,77.47826385498047
31,100.61296081542969,77.47826385498047
31,86.88513946533203,75.67643737792969
31,87.73704528808594,79.28008270263672
31,80.563720703125,77.47826385498047
31,114.0674057006836,68.46916198730469
31,83.07656860351562,73.87461853027344
31,89.9336166381836,66.66734313964844
31,81.05174255371094,66.66734313964844
